{"dimension": {"3": 170, "5": 82, "4": 90, "1": 352, "2": 265, "6": 41}, "num_trajs_per_dim": {"3": {"2": 31, "4": 33, "3": 29, "5": 38, "1": 39}, "5": {"3": 14, "4": 16, "1": 19, "2": 20, "5": 13}, "4": {"2": 18, "3": 22, "4": 18, "5": 14, "1": 18}, "1": {"4": 61, "1": 90, "2": 71, "3": 78, "5": 52}, "2": {"1": 55, "2": 54, "4": 56, "5": 61, "3": 39}, "6": {"4": 9, "3": 6, "5": 11, "2": 9, "1": 6}}, "unary_operators": {"pow2": 679, "inv": 1399, "sin": 320, "pow3": 81, "abs": 308, "exp": 276, "atan": 182, "sqrt": 27, "cos": 320, "tan": 123, "log": 38}, "binary_operators": {"mul": 7949, "add": 5785, "sub": 539}, "complexity_per_dim": [18.0, 13.6, 14.8, 17.25, 8.0, 13.0, 18.333333333333332, 22.0, 14.0, 14.0, 14.0, 22.0, 10.5, 3.0, 19.333333333333332, 12.333333333333334, 5.0, 3.0, 14.333333333333334, 8.0, 14.75, 13.0, 11.75, 14.0, 14.0, 21.0, 10.0, 14.5, 10.5, 17.666666666666668, 8.666666666666666, 16.333333333333332, 16.0, 28.0, 17.5, 19.666666666666668, 19.0, 15.0, 12.5, 19.0, 10.5, 7.0, 14.5, 15.2, 6.0, 17.0, 19.0, 8.0, 18.0, 19.0, 12.0, 12.166666666666666, 13.75, 21.0, 15.0, 19.0, 5.0, 20.666666666666668, 20.0, 11.0, 17.5, 10.5, 9.5, 17.0, 7.0, 16.0, 12.666666666666666, 23.0, 19.0, 17.666666666666668, 16.0, 21.0, 11.5, 6.0, 18.166666666666668, 12.0, 19.0, 23.0, 17.0, 25.0, 19.0, 6.8, 14.666666666666666, 16.0, 9.5, 16.0, 8.0, 11.6, 7.0, 17.4, 10.0, 22.666666666666668, 12.0, 16.0, 24.0, 13.0, 16.0, 17.0, 18.8, 23.666666666666668, 18.0, 24.0, 10.4, 17.5, 8.0, 19.5, 14.333333333333334, 20.0, 17.0, 7.0, 15.0, 10.0, 12.5, 17.333333333333332, 19.25, 20.0, 20.0, 11.0, 19.0, 11.5, 10.25, 14.166666666666666, 18.75, 13.0, 1.0, 5.0, 17.0, 13.0, 6.0, 19.5, 22.5, 17.166666666666668, 11.0, 12.8, 19.333333333333332, 17.0, 8.0, 11.0, 14.666666666666666, 14.5, 5.0, 17.5, 27.5, 15.0, 14.0, 9.0, 13.0, 14.8, 20.0, 21.0, 4.0, 14.2, 10.0, 17.0, 10.6, 15.0, 10.333333333333334, 12.0, 7.5, 10.8, 18.0, 7.0, 8.75, 11.0, 21.5, 19.4, 13.333333333333334, 12.5, 19.333333333333332, 22.0, 13.0, 7.0, 18.5, 7.5, 13.5, 7.0, 16.0, 6.0, 16.8, 21.0, 14.6, 21.0, 5.0, 14.5, 9.0, 16.5, 13.0, 9.5, 10.0, 17.0, 12.5, 20.333333333333332, 19.0, 13.5, 10.0, 30.0, 13.0, 16.0, 16.666666666666668, 13.0, 9.333333333333334, 16.75, 16.833333333333332, 17.666666666666668, 18.5, 21.333333333333332, 11.666666666666666, 23.0, 13.333333333333334, 8.0, 16.333333333333332, 19.5, 5.0, 12.0, 10.666666666666666, 15.5, 9.5, 16.5, 6.5, 19.0, 21.5, 16.666666666666668, 16.0, 14.5, 12.0, 20.0, 6.0, 15.6, 19.0, 16.666666666666668, 27.0, 10.0, 8.0, 10.0, 11.333333333333334, 14.2, 14.0, 10.333333333333334, 15.0, 11.0, 20.25, 18.0, 16.0, 18.5, 16.0, 21.0, 22.0, 17.0, 25.0, 14.0, 24.5, 12.0, 15.0, 13.333333333333334, 3.0, 14.0, 12.333333333333334, 21.0, 14.0, 14.5, 7.0, 13.666666666666666, 8.0, 19.0, 11.5, 12.166666666666666, 9.0, 9.8, 7.0, 10.0, 19.0, 12.0, 12.0, 10.5, 18.2, 16.0, 13.0, 20.4, 14.0, 15.0, 11.0, 16.2, 14.0, 18.0, 17.0, 12.0, 14.0, 19.5, 17.0, 10.0, 17.666666666666668, 20.0, 10.0, 9.5, 12.5, 15.5, 12.333333333333334, 20.25, 15.0, 20.0, 3.0, 16.0, 9.8, 13.0, 15.0, 5.0, 21.5, 8.0, 16.0, 5.0, 14.333333333333334, 2.0, 16.0, 19.0, 14.0, 13.5, 17.6, 15.0, 12.75, 24.0, 10.0, 15.0, 13.0, 16.0, 19.0, 10.333333333333334, 17.0, 4.0, 14.666666666666666, 18.333333333333332, 19.2, 13.5, 10.0, 17.0, 13.0, 15.5, 15.0, 10.333333333333334, 17.0, 11.333333333333334, 11.75, 17.5, 11.333333333333334, 12.5, 3.0, 16.5, 3.0, 18.0, 9.0, 8.0, 23.0, 11.333333333333334, 17.0, 17.0, 5.0, 17.0, 10.0, 9.0, 6.0, 14.0, 23.0, 21.5, 13.2, 18.5, 18.5, 18.0, 7.0, 12.0, 10.0, 18.0, 13.5, 24.0, 18.0, 14.0, 25.0, 17.0, 11.75, 10.0, 13.0, 19.0, 9.0, 12.0, 13.0, 12.0, 14.75, 16.0, 14.5, 25.0, 19.5, 14.0, 9.0, 28.0, 15.0, 20.0, 7.0, 13.0, 15.0, 15.0, 8.0, 10.666666666666666, 6.0, 13.0, 11.0, 19.8, 13.0, 18.833333333333332, 20.5, 6.75, 19.0, 10.5, 10.0, 10.0, 12.75, 9.333333333333334, 19.5, 17.25, 10.0, 17.0, 14.0, 18.0, 23.0, 10.0, 15.0, 15.0, 28.0, 14.5, 18.0, 10.0, 15.666666666666666, 19.0, 15.0, 14.0, 18.0, 27.0, 14.333333333333334, 14.5, 14.0, 14.25, 10.25, 19.0, 12.75, 10.0, 8.5, 20.0, 11.5, 12.666666666666666, 17.0, 10.333333333333334, 19.5, 7.0, 3.0, 8.5, 11.0, 15.0, 5.0, 9.25, 17.0, 19.6, 13.0, 15.0, 23.0, 14.5, 10.333333333333334, 18.666666666666668, 17.25, 17.0, 20.0, 16.833333333333332, 13.0, 18.0, 12.666666666666666, 11.0, 16.0, 23.0, 14.333333333333334, 11.0, 13.4, 11.0, 10.0, 20.0, 13.0, 19.0, 12.0, 6.0, 13.75, 21.0, 15.4, 19.0, 11.0, 11.0, 11.0, 15.0, 17.0, 10.0, 10.333333333333334, 10.0, 16.0, 19.0, 9.0, 12.666666666666666, 14.333333333333334, 15.5, 18.25, 19.0, 20.666666666666668, 13.0, 13.666666666666666, 12.5, 13.75, 17.666666666666668, 10.0, 14.0, 16.0, 21.0, 10.0, 23.666666666666668, 18.0, 7.0, 19.6, 20.0, 12.0, 22.0, 15.333333333333334, 12.5, 17.5, 16.333333333333332, 17.0, 11.0, 11.666666666666666, 11.666666666666666, 19.0, 13.0, 10.0, 11.5, 11.0, 16.0, 17.0, 21.0, 12.25, 22.333333333333332, 17.6, 21.5, 9.0, 15.0, 16.0, 15.0, 4.0, 13.75, 8.0, 13.666666666666666, 18.333333333333332, 20.333333333333332, 14.5, 16.0, 15.0, 11.0, 12.333333333333334, 13.0, 8.6, 12.0, 18.0, 18.0, 10.0, 20.25, 19.0, 10.0, 18.0, 22.0, 11.4, 14.333333333333334, 5.0, 18.0, 7.0, 18.0, 15.5, 17.0, 9.0, 9.0, 21.0, 11.5, 17.0, 11.5, 12.0, 14.0, 16.0, 23.0, 5.0, 15.166666666666666, 4.0, 19.5, 20.0, 21.333333333333332, 13.0, 30.0, 11.0, 17.5, 10.5, 16.0, 10.0, 7.0, 7.0, 27.0, 21.0, 17.333333333333332, 7.333333333333333, 16.0, 19.0, 15.333333333333334, 9.0, 14.0, 3.0, 13.2, 24.0, 14.75, 10.0, 14.5, 17.666666666666668, 15.8, 21.666666666666668, 8.0, 20.0, 13.25, 24.0, 7.0, 22.0, 16.333333333333332, 15.333333333333334, 22.0, 15.0, 13.0, 14.5, 7.0, 11.0, 12.0, 18.2, 17.0, 11.0, 14.666666666666666, 10.333333333333334, 23.333333333333332, 16.0, 13.0, 16.0, 14.0, 4.5, 8.0, 16.0, 14.0, 15.6, 16.0, 7.0, 5.0, 12.666666666666666, 17.4, 5.0, 11.833333333333334, 12.5, 13.75, 14.333333333333334, 14.666666666666666, 15.0, 6.0, 20.666666666666668, 14.0, 20.25, 15.0, 5.0, 8.0, 11.333333333333334, 11.0, 18.0, 22.0, 22.0, 12.5, 15.0, 15.0, 17.0, 12.2, 10.6, 8.0, 20.5, 13.0, 19.666666666666668, 5.0, 8.0, 19.666666666666668, 16.2, 14.0, 13.8, 14.6, 9.0, 9.5, 5.0, 4.0, 16.0, 20.5, 22.666666666666668, 17.0, 13.0, 13.0, 11.75, 4.5, 12.333333333333334, 13.25, 12.0, 18.0, 16.0, 14.2, 13.666666666666666, 10.833333333333334, 17.5, 15.0, 13.666666666666666, 22.0, 15.0, 13.0, 13.0, 16.75, 12.5, 14.25, 17.5, 11.0, 4.0, 19.0, 10.333333333333334, 7.0, 18.0, 2.0, 21.0, 13.0, 19.75, 27.5, 15.8, 5.0, 20.0, 18.5, 15.5, 25.666666666666668, 14.0, 16.0, 14.0, 13.0, 14.0, 19.5, 11.666666666666666, 6.666666666666667, 8.0, 15.333333333333334, 16.0, 6.0, 27.0, 11.5, 19.0, 10.0, 5.25, 13.0, 27.0, 14.666666666666666, 27.0, 17.0, 9.4, 19.5, 15.0, 17.0, 16.0, 14.0, 13.5, 15.0, 15.0, 10.0, 5.0, 12.0, 10.0, 15.333333333333334, 14.0, 12.333333333333334, 24.0, 22.0, 16.0, 10.0, 7.0, 16.0, 15.4, 11.0, 15.6, 8.0, 15.75, 23.0, 11.666666666666666, 20.666666666666668, 18.5, 14.0, 27.0, 16.75, 20.0, 11.5, 15.0, 10.0, 14.5, 8.0, 9.666666666666666, 11.0, 16.0, 20.5, 21.666666666666668, 13.0, 11.0, 9.666666666666666, 17.0, 13.0, 17.0, 5.0, 10.0, 7.0, 7.0, 18.666666666666668, 13.25, 9.25, 6.0, 10.0, 26.0, 23.0, 18.666666666666668, 10.0, 8.0, 16.0, 19.8, 8.5, 15.0, 11.666666666666666, 4.0, 9.0, 16.0, 15.0, 12.0, 11.0, 11.0, 15.0, 18.333333333333332, 11.0, 16.5, 13.666666666666666, 16.0, 5.0, 25.0, 3.0, 14.833333333333334, 9.666666666666666, 4.0, 16.0, 22.0, 20.666666666666668, 8.0, 6.0, 12.0, 20.0, 8.0, 14.666666666666666, 13.0, 7.0, 15.0, 15.0, 17.4, 24.0, 16.0, 18.0, 17.0, 7.666666666666667, 12.4, 16.666666666666668, 13.6, 14.5, 12.0, 18.0, 5.0, 16.333333333333332, 24.0, 17.5, 15.0, 21.25, 8.0, 15.0, 9.333333333333334, 6.0, 8.0, 18.666666666666668, 9.0, 11.0, 13.0, 10.5, 15.0, 22.0, 9.0, 12.0, 5.0, 17.0, 7.0, 12.5, 13.0, 18.0, 16.0, 15.333333333333334, 14.0, 12.25, 14.0, 17.0, 12.166666666666666, 21.0, 14.0, 11.0, 13.833333333333334, 18.333333333333332, 9.0, 6.5, 20.333333333333332, 12.0, 17.75, 9.666666666666666, 